{
  "success":true,
  "terms":"https:\/\/currencylayer.com\/terms",
  "privacy":"https:\/\/currencylayer.com\/privacy",
  "timestamp":1496778564,
  "source":"USD",
  "quotes":{
    "USDAED":3.672498,
    "USDAFN":68.180196,
    "USDALL":118.550003,
    "USDAMD":481.98999,
    "USDANG":1.777502,
    "USDAOA":165.089996,
    "USDARS":16.009001,
    "USDAUD":1.331497,
    "USDAWG":1.789,
    "USDAZN":1.701594,
    "USDBAM":1.736701,
    "USDBBD":2,
    "USDBDT":80.690002,
    "USDBGN":1.737297,
    "USDBHD":0.377198,
    "USDBIF":1708.300049,
    "USDBMD":1,
    "USDBND":1.3783,
    "USDBOB":6.900677,
    "USDBRL":3.277602,
    "USDBSD":1,
    "USDBTC":0.000351,
    "USDBTN":64.324997,
    "USDBWP":10.136993,
    "USDBYN":1.869581,
    "USDBYR":20020,
    "USDBZD":1.997801,
    "USDCAD":1.34464,
    "USDCDF":1434.949951,
    "USDCHF":0.96199,
    "USDCLF":0.02485,
    "USDCLP":668.650024,
    "USDCNY":6.794401,
    "USDCOP":2893.699951,
    "USDCRC":561.780029,
    "USDCUC":1,
    "USDCUP":1.000022,
    "USDCVE":97.800003,
    "USDCZK":23.320326,
    "USDDJF":177.600006,
    "USDDKK":6.59564,
    "USDDOP":47.080002,
    "USDDZD":107.874982,
    "USDEEK":14.101009,
    "USDEGP":18.070375,
    "USDERN":15.2802,
    "USDETB":22.894334,
    "USDEUR":0.886599,
    "USDFJD":2.075009,
    "USDFKP":0.774401,
    "USDGBP":0.77528,
    "USDGEL":2.413303,
    "USDGGP":0.77526,
    "USDGHS":4.328503,
    "USDGIP":0.774699,
    "USDGMD":44.900002,
    "USDGNF":9024.999792,
    "USDGTQ":7.350504,
    "USDGYD":202.710007,
    "USDHKD":7.794203,
    "USDHNL":23.379999,
    "USDHRK":6.532101,
    "USDHTG":59.070006,
    "USDHUF":272.869995,
    "USDIDR":13289,
    "USDILS":3.539404,
    "USDIMP":0.77526,
    "USDINR":64.419998,
    "USDIQD":1181,
    "USDIRR":32448.999826,
    "USDISK":97.800003,
    "USDJEP":0.77526,
    "USDJMD":129.050003,
    "USDJOD":0.709049,
    "USDJPY":109.412003,
    "USDKES":103.150002,
    "USDKGS":68.231003,
    "USDKHR":4041.000309,
    "USDKMF":450.200012,
    "USDKPW":900.00041,
    "USDKRW":1117.329956,
    "USDKWD":0.302897,
    "USDKYD":0.81951,
    "USDKZT":312.709991,
    "USDLAK":8195.000485,
    "USDLBP":1505.699951,
    "USDLKR":152.501522,
    "USDLRD":90.999731,
    "USDLSL":12.780164,
    "USDLTL":3.048701,
    "USDLVL":0.62055,
    "USDLYD":1.389497,
    "USDMAD":9.711697,
    "USDMDL":18.124973,
    "USDMGA":3120.000114,
    "USDMKD":54.310001,
    "USDMMK":1353.999707,
    "USDMNT":2378.000114,
    "USDMOP":8.027601,
    "USDMRO":357.999505,
    "USDMUR":34.540001,
    "USDMVR":15.359938,
    "USDMWK":716.950012,
    "USDMXN":18.260702,
    "USDMYR":4.265024,
    "USDMZN":60.029999,
    "USDNAD":12.789918,
    "USDNGN":322.99995,
    "USDNIO":29.440001,
    "USDNOK":8.45129,
    "USDNPR":102.699997,
    "USDNZD":1.3907,
    "USDOMR":0.384901,
    "USDPAB":1,
    "USDPEN":3.2655,
    "USDPGK":3.282026,
    "USDPHP":49.439999,
    "USDPKR":104.750272,
    "USDPLN":3.719502,
    "USDPYG":5557.50109,
    "USDQAR":3.6416,
    "USDRON":4.043695,
    "USDRSD":108.113297,
    "USDRUB":56.435001,
    "USDRWF":820.330017,
    "USDSAR":3.749803,
    "USDSBD":7.896398,
    "USDSCR":13.420102,
    "USDSDG":6.659798,
    "USDSEK":8.66505,
    "USDSGD":1.37886,
    "USDSHP":0.774703,
    "USDSLL":7500.000395,
    "USDSOS":549.000135,
    "USDSRD":7.450026,
    "USDSTD":21729.5,
    "USDSVC":8.722203,
    "USDSYP":514.97998,
    "USDSZL":12.81006,
    "USDTHB":33.939999,
    "USDTJS":8.819505,
    "USDTMT":3.4,
    "USDTND":2.434049,
    "USDTOP":2.287901,
    "USDTRY":3.515984,
    "USDTTD":6.689503,
    "USDTWD":30.089001,
    "USDTZS":2230.000195,
    "USDUAH":26.209999,
    "USDUGX":3583.999676,
    "USDUSD":1,
    "USDUYU":28.309999,
    "USDUZS":3867.999767,
    "USDVEF":9.974796,
    "USDVND":22699,
    "USDVUV":106.800003,
    "USDWST":2.560299,
    "USDXAF":581.140015,
    "USDXAG":0.056524,
    "USDXAU":0.000773,
    "USDXCD":2.69767,
    "USDXDR":0.720682,
    "USDXOF":584.249767,
    "USDXPF":106.309757,
    "USDYER":249.949997,
    "USDZAR":12.824196,
    "USDZMK":9.335026,
    "USDZMW":9.269912,
    "USDZWL":322.355011
  }
}